{"cameraMode":{"drawMode":0,"name":"Shaded","section":"Shading Mode"},"sceneLighting":true,"audioPlay":false,"sceneViewState":{"m_AlwaysRefresh":false,"showFog":true,"showSkybox":true,"showFlares":true,"showImageEffects":true,"showParticleSystems":true,"showVisualEffectGraphs":true,"m_FxEnabled":true},"in2DMode":false,"pivot":{"x":240.8990020751953,"y":292.0201416015625,"z":9.951876640319825},"rotation":{"x":-0.03987840563058853,"y":-0.02157394029200077,"z":0.0008591836085543037,"w":-0.9989749789237976},"size":318.7115478515625,"orthographic":false}