{"cameraMode":{"drawMode":0,"name":"Shaded","section":"Shading Mode"},"sceneLighting":true,"audioPlay":false,"sceneViewState":{"m_AlwaysRefresh":false,"showFog":true,"showSkybox":true,"showFlares":true,"showImageEffects":true,"showParticleSystems":true,"showVisualEffectGraphs":true,"m_FxEnabled":true},"in2DMode":false,"pivot":{"x":163.67164611816407,"y":-110.9281997680664,"z":158.52378845214845},"rotation":{"x":-0.21090437471866609,"y":-0.3733755350112915,"z":0.08757969737052918,"w":-0.8991356492042542},"size":133.11141967773438,"orthographic":false}