{"cameraMode":{"drawMode":0,"name":"Shaded","section":"Shading Mode"},"sceneLighting":false,"audioPlay":false,"sceneViewState":{"m_AlwaysRefresh":false,"showFog":true,"showSkybox":false,"showFlares":true,"showImageEffects":true,"showParticleSystems":true,"showVisualEffectGraphs":true,"m_FxEnabled":true},"in2DMode":false,"pivot":{"x":3.5302205085754396,"y":0.7637327909469605,"z":0.5975229740142822},"rotation":{"x":0.14777569472789765,"y":0.7288951277732849,"z":-0.16636516153812409,"w":0.6474555134773254},"size":1.7013144493103028,"orthographic":false}